id,composer,death_year,title,catalog,movement,mood_tags,tempo_energy,notable_excerpt,video_use_ideas,editable_source_url,editable_format,editable_license,musescore_url,recording_source_url,recording_performer,recording_license,recording_quality,legal_notes,local_score_path,local_audio_path,preview_path,verified,added_by
alkan_op31_1_prelude,Charles-Valentin Alkan,1888,Prélude,Op. 31 No. 1,No. 1,solemn;dark;brief,andante / moderate,MIDI render 00:00–00:15,A short solemn organ-or-piano cadence under a still frame.,https://www.mutopiaproject.org/cgibin/piece-info.cgi?id=1731,MIDI; LilyPond,CC-BY-SA 3.0,,,,,,Mutopia piece 1731: LilyPond header sets the edition licence to CC BY-SA 3.0. Typesetter: Karsten Hens. Composition is PD-EU (life+70) and PD-US (published before 1930). Preview is an own FluidSynth render. FLAG share-alike: a render or arrangement of this edition must stay share-alike. 25 Préludes for piano or organ. This file is No. 1 only.,files/scores/alkan_op31_1_prelude.mid,,previews/alkan_op31_1_prelude.mp3,yes,grok
alkan_op31_2_prelude,Charles-Valentin Alkan,1888,Prélude,Op. 31 No. 2,No. 2,restless;dark;driving,allegro / high drive,MIDI render 00:00–00:15,A restless minor prelude under a tense chart or countdown.,https://www.mutopiaproject.org/cgibin/piece-info.cgi?id=1742,MIDI; LilyPond,CC-BY-SA 3.0,,,,,,Mutopia piece 1742: LilyPond header sets the edition licence to CC BY-SA 3.0. Typesetter: Karsten Hens. Composition is PD-EU (life+70) and PD-US (published before 1930). Preview is an own FluidSynth render. FLAG share-alike: a render or arrangement of this edition must stay share-alike. 25 Préludes for piano or organ. This file is No. 2 only.,files/scores/alkan_op31_2_prelude.mid,,previews/alkan_op31_2_prelude.mp3,yes,grok
alkan_op31_8_folle,Charles-Valentin Alkan,1888,Chanson de la folle au bord de la mer,Op. 31 No. 8,No. 8,eerie;desolate;hypnotic,andantino / suspended,MIDI render 00:00–00:15 (the rocking fifths),The rocking bare fifths under a lonely or ominous landscape shot.,https://www.mutopiaproject.org/cgibin/piece-info.cgi?id=2232,MIDI; LilyPond,CC-BY-SA 4.0,,,,,,"Mutopia piece 2232: LilyPond header sets the edition licence to CC BY-SA 4.0. Typesetter: Anonymous. Composition is PD-EU (life+70) and PD-US (published before 1930). Preview is an own FluidSynth render. FLAG share-alike: a render or arrangement of this edition must stay share-alike. Song of the Madwoman on the Seashore, from 25 Préludes Op. 31. Source named on the piece page as A.M. Schlesinger, 1847.",files/scores/alkan_op31_8_folle.mid,,previews/alkan_op31_8_folle.mp3,yes,grok
alkan_op75_toccatina,Charles-Valentin Alkan,1888,Toccatina,Op. 75,,brilliant;driving;relentless,quasi prestissimo / very high,MIDI render 00:00–00:15,A glittering perpetual-motion sting for a fast cut or a chase.,https://www.mutopiaproject.org/cgibin/piece-info.cgi?id=2163,MIDI; LilyPond,CC-BY-SA 4.0,,,,,,"Mutopia piece 2163: LilyPond header sets the edition licence to CC BY-SA 4.0. Typesetter: tanukiyarou. Composition is PD-EU (life+70) and PD-US (published before 1930). Preview is an own FluidSynth render. FLAG share-alike: a render or arrangement of this edition must stay share-alike. Header tempo is Quasi Prestissimo, MIDI quarter = 180. Source on the piece page: Paris, Richault, plate 15672 R.",files/scores/alkan_op75_toccatina.mid,,previews/alkan_op75_toccatina.mp3,yes,grok
scriabin_op2_1_etude,Alexander Scriabin,1915,Etude in C-sharp minor,Op. 2 No. 1,No. 1,yearning;lyric;romantic,andante / moderate,MIDI render 00:00–00:15 (the opening melody),A singing piano line under a personal or reflective voice-over.,https://www.mutopiaproject.org/cgibin/piece-info.cgi?id=1029,MIDI; LilyPond,PD,,,,,,"Mutopia legal.html says the contributor dedicated this edition to the public domain (print, sell, change, distribute, record, perform). The LilyPond header copyright/license line is ""Public Domain"". Composition is PD-EU (life+70) and PD-US (published before 1930). Preview is an own FluidSynth render. Mutopia piece 1029. Typesetter: Guy D. Lederfein. Early etude, published in Scriabin's lifetime (header names IMSLP as the source).",files/scores/scriabin_op2_1_etude.mid,,previews/scriabin_op2_1_etude.mp3,yes,grok
scriabin_op11_1_prelude,Alexander Scriabin,1915,Prelude,Op. 11 No. 1,No. 1,bright;restless;clear,vivace / high drive,MIDI render 00:00–00:15,A bright short prelude to open a clean explanation.,https://www.mutopiaproject.org/cgibin/piece-info.cgi?id=1779,MIDI; LilyPond,PD,,,,,,"Mutopia legal.html says the contributor dedicated this edition to the public domain (print, sell, change, distribute, record, perform). The LilyPond header copyright/license line is ""Public Domain"". Composition is PD-EU (life+70) and PD-US (published before 1930). Preview is an own FluidSynth render. Mutopia piece 1779. Typesetter: Keith OHara. Header title is Prelude, Op. 11 No. 1. Source named M.P. Belaieff, 1895. This is No. 1 only, not the whole set of 24.",files/scores/scriabin_op11_1_prelude.mid,,previews/scriabin_op11_1_prelude.mp3,yes,grok
scriabin_op16_1_prelude,Alexander Scriabin,1915,Prelude,Op. 16 No. 1,No. 1,intimate;chromatic;lyric,andante / moderate,MIDI render 00:00–00:15,A short chromatic prelude under a quiet aside.,https://www.mutopiaproject.org/cgibin/piece-info.cgi?id=759,MIDI; LilyPond,CC-BY-SA 2.5,,,,,,"Mutopia piece 759: LilyPond header sets the edition licence to CC BY-SA 2.5. Typesetter: Philippe Hézaine. Composition is PD-EU (life+70) and PD-US (published before 1930). Preview is an own FluidSynth render. FLAG share-alike: a render or arrangement of this edition must stay share-alike. Five Preludes Op. 16. Header names M.P. Belaieff, Leipzig, 1897. This file is one prelude only.",files/scores/scriabin_op16_1_prelude.mid,,previews/scriabin_op16_1_prelude.mp3,yes,grok
scriabin_op16_2_prelude,Alexander Scriabin,1915,Prelude,Op. 16 No. 2,No. 2,intimate;chromatic;lyric,andante / moderate,MIDI render 00:00–00:15,A short chromatic prelude under a quiet aside.,https://www.mutopiaproject.org/cgibin/piece-info.cgi?id=760,MIDI; LilyPond,CC-BY-SA 2.5,,,,,,"Mutopia piece 760: LilyPond header sets the edition licence to CC BY-SA 2.5. Typesetter: Philippe Hézaine. Composition is PD-EU (life+70) and PD-US (published before 1930). Preview is an own FluidSynth render. FLAG share-alike: a render or arrangement of this edition must stay share-alike. Five Preludes Op. 16. Header names M.P. Belaieff, Leipzig, 1897. This file is one prelude only.",files/scores/scriabin_op16_2_prelude.mid,,previews/scriabin_op16_2_prelude.mp3,yes,grok
scriabin_op16_3_prelude,Alexander Scriabin,1915,Prelude,Op. 16 No. 3,No. 3,intimate;chromatic;lyric,andante / moderate,MIDI render 00:00–00:15,A short chromatic prelude under a quiet aside.,https://www.mutopiaproject.org/cgibin/piece-info.cgi?id=761,MIDI; LilyPond,CC-BY-SA 2.5,,,,,,"Mutopia piece 761: LilyPond header sets the edition licence to CC BY-SA 2.5. Typesetter: Philippe Hézaine. Composition is PD-EU (life+70) and PD-US (published before 1930). Preview is an own FluidSynth render. FLAG share-alike: a render or arrangement of this edition must stay share-alike. Five Preludes Op. 16. Header names M.P. Belaieff, Leipzig, 1897. This file is one prelude only.",files/scores/scriabin_op16_3_prelude.mid,,previews/scriabin_op16_3_prelude.mp3,yes,grok
scriabin_op16_4_prelude,Alexander Scriabin,1915,Prelude,Op. 16 No. 4,No. 4,intimate;chromatic;lyric,andante / moderate,MIDI render 00:00–00:15,A short chromatic prelude under a quiet aside.,https://www.mutopiaproject.org/cgibin/piece-info.cgi?id=762,MIDI; LilyPond,CC-BY-SA 2.5,,,,,,"Mutopia piece 762: LilyPond header sets the edition licence to CC BY-SA 2.5. Typesetter: Philippe Hézaine. Composition is PD-EU (life+70) and PD-US (published before 1930). Preview is an own FluidSynth render. FLAG share-alike: a render or arrangement of this edition must stay share-alike. Five Preludes Op. 16. Header names M.P. Belaieff, Leipzig, 1897. This file is one prelude only.",files/scores/scriabin_op16_4_prelude.mid,,previews/scriabin_op16_4_prelude.mp3,yes,grok
scriabin_op16_5_prelude,Alexander Scriabin,1915,Prelude,Op. 16 No. 5,No. 5,intimate;chromatic;lyric,andante / moderate,MIDI render 00:00–00:15,A short chromatic prelude under a quiet aside.,https://www.mutopiaproject.org/cgibin/piece-info.cgi?id=763,MIDI; LilyPond,CC-BY-SA 2.5,,,,,,"Mutopia piece 763: LilyPond header sets the edition licence to CC BY-SA 2.5. Typesetter: Philippe Hézaine. Composition is PD-EU (life+70) and PD-US (published before 1930). Preview is an own FluidSynth render. FLAG share-alike: a render or arrangement of this edition must stay share-alike. Five Preludes Op. 16. Header names M.P. Belaieff, Leipzig, 1897. This file is one prelude only.",files/scores/scriabin_op16_5_prelude.mid,,previews/scriabin_op16_5_prelude.mp3,yes,grok
scriabin_op59_2_prelude,Alexander Scriabin,1915,Prelude,Op. 59 No. 2,No. 2,hazy;mystical;unstable,lento / suspended,MIDI render 00:00–00:15,"A late, harmonically unstable prelude for a mysterious transition.",https://www.mutopiaproject.org/cgibin/piece-info.cgi?id=445,MIDI; LilyPond,PD,,,,,,"Mutopia legal.html says the contributor dedicated this edition to the public domain (print, sell, change, distribute, record, perform). The LilyPond header copyright/license line is ""Public Domain"". Composition is PD-EU (life+70) and PD-US (published before 1930). Preview is an own FluidSynth render. Mutopia piece 445. Typesetter: Federico Bruni. Header title is Prelude, Op. 59, No. 2 (1910). Two preludes Op. 59; this file is No. 2 only.",files/scores/scriabin_op59_2_prelude.mid,,previews/scriabin_op59_2_prelude.mp3,yes,grok
rameau_tendres_plaintes,Jean-Philippe Rameau,1764,Les tendres plaintes,Pièces de clavecin (1724),,tender;elegant;wistful,tendrement / low energy,MIDI render 00:00–00:15,A tender rondeau under a quiet human moment.,https://www.mutopiaproject.org/cgibin/piece-info.cgi?id=414,MIDI; LilyPond,PD,,,,,,"Mutopia legal.html says the contributor dedicated this edition to the public domain (print, sell, change, distribute, record, perform). The LilyPond header copyright/license line is ""Public Domain"". Composition is PD-EU (life+70) and PD-US (published before 1930). Preview is an own FluidSynth render. Mutopia piece 414. Typesetter: Ludovic Sardain. Header title Les Tendres Plaintes, from Pièces de Clavecin.",files/scores/rameau_tendres_plaintes.mid,,previews/rameau_tendres_plaintes.mp3,yes,grok
rameau_sauvages,Jean-Philippe Rameau,1764,Les sauvages,Nouvelles suites de pièces de clavecin,,bold;rhythmic;ceremonial,gravement / high drive,MIDI render 00:00–00:15 (the riff),The stomping riff for a bold entrance or a tribal-cut montage.,https://www.mutopiaproject.org/cgibin/piece-info.cgi?id=407,MIDI; LilyPond,PD,,,,,,"Mutopia legal.html says the contributor dedicated this edition to the public domain (print, sell, change, distribute, record, perform). The LilyPond header copyright/license line is ""Public Domain"". Composition is PD-EU (life+70) and PD-US (published before 1930). Preview is an own FluidSynth render. Mutopia piece 407. Typesetter: Ludovic Sardain. Header places it in Nouvelles suites de Pièces de Clavecin.",files/scores/rameau_sauvages.mid,,previews/rameau_sauvages.mp3,yes,grok
rameau_tambourin,Jean-Philippe Rameau,1764,Tambourin,Pièces de clavecin,,festive;bright;dance,vif / high drive,MIDI render 00:00–00:15,A bright drum-bass dance for a celebratory cut.,https://www.mutopiaproject.org/cgibin/piece-info.cgi?id=487,MIDI; LilyPond,PD,,,,,,"Mutopia legal.html says the contributor dedicated this edition to the public domain (print, sell, change, distribute, record, perform). The LilyPond header copyright/license line is ""Public Domain"". Composition is PD-EU (life+70) and PD-US (published before 1930). Preview is an own FluidSynth render. Mutopia piece 487. Typesetter: Ludovic Sardain. Header title Tambourin, Pièces de Clavecin.",files/scores/rameau_tambourin.mid,,previews/rameau_tambourin.mp3,yes,grok
rameau_rct43_ouverture_1,Jean-Philippe Rameau,1764,Hippolyte et Aricie: Ouverture,RCT 43,"Ouverture, first section",ceremonial;grave;baroque,grave / moderate,MIDI render 00:00–00:15,The grave French-overture opening for a formal announcement.,https://www.mutopiaproject.org/cgibin/piece-info.cgi?id=1363,MIDI; LilyPond,CC-BY 3.0,,,,,,"Mutopia piece 1363: LilyPond header sets the edition licence to CC BY 3.0. Typesetter: Nicolas Sceaux. Composition is PD-EU (life+70) and PD-US (published before 1930). Preview is an own FluidSynth render. CC BY: credit the typesetter and the Mutopia piece page, and link the licence. One number from the Mutopia edition of Hippolyte et Aricie (RCT 43), not the whole opera. The LilyPond zip is the full opera edition.",files/scores/rameau_rct43_ouverture_1.mid,,previews/rameau_rct43_ouverture_1.mp3,yes,grok
rameau_rct43_ouverture_2,Jean-Philippe Rameau,1764,Hippolyte et Aricie: Ouverture,RCT 43,"Ouverture, second section",bright;driving;baroque,vif / high drive,MIDI render 00:00–00:15,The fast half of the overture under a building sequence.,https://www.mutopiaproject.org/cgibin/piece-info.cgi?id=1363,MIDI; LilyPond,CC-BY 3.0,,,,,,"Mutopia piece 1363: LilyPond header sets the edition licence to CC BY 3.0. Typesetter: Nicolas Sceaux. Composition is PD-EU (life+70) and PD-US (published before 1930). Preview is an own FluidSynth render. CC BY: credit the typesetter and the Mutopia piece page, and link the licence. One number from the Mutopia edition of Hippolyte et Aricie (RCT 43), not the whole opera. The LilyPond zip is the full opera edition.",files/scores/rameau_rct43_ouverture_2.mid,,previews/rameau_rct43_ouverture_2.mp3,yes,grok
rameau_rct43_marche,Jean-Philippe Rameau,1764,Hippolyte et Aricie: Marche,RCT 43,"Act 1, Marche",ceremonial;processional;stately,marche / processional,MIDI render 00:00–00:15,A stately processional for an entrance.,https://www.mutopiaproject.org/cgibin/piece-info.cgi?id=1363,MIDI; LilyPond,CC-BY 3.0,,,,,,"Mutopia piece 1363: LilyPond header sets the edition licence to CC BY 3.0. Typesetter: Nicolas Sceaux. Composition is PD-EU (life+70) and PD-US (published before 1930). Preview is an own FluidSynth render. CC BY: credit the typesetter and the Mutopia piece page, and link the licence. One number from the Mutopia edition of Hippolyte et Aricie (RCT 43), not the whole opera. The LilyPond zip is the full opera edition.",files/scores/rameau_rct43_marche.mid,,previews/rameau_rct43_marche.mp3,yes,grok
rameau_rct43_tonnerre,Jean-Philippe Rameau,1764,Hippolyte et Aricie: Bruit de tonnerre,RCT 43,Bruit de tonnerre,stormy;dramatic;dark,orage / high drive,MIDI render 00:00–00:15,The thunder scene as a sudden dramatic hit.,https://www.mutopiaproject.org/cgibin/piece-info.cgi?id=1363,MIDI; LilyPond,CC-BY 3.0,,,,,,"Mutopia piece 1363: LilyPond header sets the edition licence to CC BY 3.0. Typesetter: Nicolas Sceaux. Composition is PD-EU (life+70) and PD-US (published before 1930). Preview is an own FluidSynth render. CC BY: credit the typesetter and the Mutopia piece page, and link the licence. One number from the Mutopia edition of Hippolyte et Aricie (RCT 43), not the whole opera. The LilyPond zip is the full opera edition.",files/scores/rameau_rct43_tonnerre.mid,,previews/rameau_rct43_tonnerre.mp3,yes,grok
rameau_rct43_rossignols,Jean-Philippe Rameau,1764,Rossignols amoureux,RCT 43,Act 5 ariette,pastoral;elegant;lyrical,gracieusement / moderate,MIDI render 00:00–00:15 (the ariette tune),"The nightingale ariette under a graceful, unhurried scene.",https://www.mutopiaproject.org/cgibin/piece-info.cgi?id=1363,MIDI; LilyPond,CC-BY 3.0,,,,,,"Mutopia piece 1363: LilyPond header sets the edition licence to CC BY 3.0. Typesetter: Nicolas Sceaux. Composition is PD-EU (life+70) and PD-US (published before 1930). Preview is an own FluidSynth render. CC BY: credit the typesetter and the Mutopia piece page, and link the licence. One number from the Mutopia edition of Hippolyte et Aricie (RCT 43), not the whole opera. The LilyPond zip is the full opera edition.",files/scores/rameau_rct43_rossignols.mid,,previews/rameau_rct43_rossignols.mp3,yes,grok
rameau_rct43_chaconne,Jean-Philippe Rameau,1764,Hippolyte et Aricie: Chaconne,RCT 43,"Act 5, Chaconne",festive;grand;dance,chaconne / high drive,MIDI render 00:00–00:15,The closing chaconne for a triumphant montage.,https://www.mutopiaproject.org/cgibin/piece-info.cgi?id=1363,MIDI; LilyPond,CC-BY 3.0,,,,,,"Mutopia piece 1363: LilyPond header sets the edition licence to CC BY 3.0. Typesetter: Nicolas Sceaux. Composition is PD-EU (life+70) and PD-US (published before 1930). Preview is an own FluidSynth render. CC BY: credit the typesetter and the Mutopia piece page, and link the licence. One number from the Mutopia edition of Hippolyte et Aricie (RCT 43), not the whole opera. The LilyPond zip is the full opera edition.",files/scores/rameau_rct43_chaconne.mid,,previews/rameau_rct43_chaconne.mp3,yes,grok
couperin_art_allemande,François Couperin,1733,Allemande,L'Art de toucher le clavecin,Allemande,elegant;measured;baroque,allemande / moderate,MIDI render 00:00–00:15,"A measured allemande under a careful, step-by-step sequence.",https://www.mutopiaproject.org/cgibin/piece-info.cgi?id=907,MIDI; LilyPond,CC-BY 2.5,,,,,,"Mutopia piece 907: LilyPond header sets the edition licence to CC BY 2.5. Typesetter: Nicolas Sceaux. Composition is PD-EU (life+70) and PD-US (published before 1930). Preview is an own FluidSynth render. CC BY: credit the typesetter and the Mutopia piece page, and link the licence. From L'Art de toucher le clavecin. Header copyright is Creative Commons Attribution 2.5.",files/scores/couperin_art_allemande.mid,,previews/couperin_art_allemande.mp3,yes,grok
couperin_art_prelude_1,François Couperin,1733,Prélude,L'Art de toucher le clavecin,Prélude 1,elegant;free;harpsichord,prélude / moderate,MIDI render 00:00–00:15,An unmeasured-feeling prélude for a graceful open or a pause.,https://www.mutopiaproject.org/cgibin/piece-info.cgi?id=907,MIDI; LilyPond,CC-BY 2.5,,,,,,"Mutopia piece 907: LilyPond header sets the edition licence to CC BY 2.5. Typesetter: Nicolas Sceaux. Composition is PD-EU (life+70) and PD-US (published before 1930). Preview is an own FluidSynth render. CC BY: credit the typesetter and the Mutopia piece page, and link the licence. From L'Art de toucher le clavecin. Header copyright is Creative Commons Attribution 2.5. This MIDI is Prélude 1 (include order in preludes.ily).",files/scores/couperin_art_prelude_1.mid,,previews/couperin_art_prelude_1.mp3,yes,grok
couperin_art_prelude_2,François Couperin,1733,Prélude,L'Art de toucher le clavecin,Prélude 2,elegant;free;harpsichord,prélude / moderate,MIDI render 00:00–00:15,An unmeasured-feeling prélude for a graceful open or a pause.,https://www.mutopiaproject.org/cgibin/piece-info.cgi?id=907,MIDI; LilyPond,CC-BY 2.5,,,,,,"Mutopia piece 907: LilyPond header sets the edition licence to CC BY 2.5. Typesetter: Nicolas Sceaux. Composition is PD-EU (life+70) and PD-US (published before 1930). Preview is an own FluidSynth render. CC BY: credit the typesetter and the Mutopia piece page, and link the licence. From L'Art de toucher le clavecin. Header copyright is Creative Commons Attribution 2.5. This MIDI is Prélude 2 (include order in preludes.ily).",files/scores/couperin_art_prelude_2.mid,,previews/couperin_art_prelude_2.mp3,yes,grok
couperin_art_prelude_3,François Couperin,1733,Prélude,L'Art de toucher le clavecin,Prélude 3,elegant;free;harpsichord,prélude / moderate,MIDI render 00:00–00:15,An unmeasured-feeling prélude for a graceful open or a pause.,https://www.mutopiaproject.org/cgibin/piece-info.cgi?id=907,MIDI; LilyPond,CC-BY 2.5,,,,,,"Mutopia piece 907: LilyPond header sets the edition licence to CC BY 2.5. Typesetter: Nicolas Sceaux. Composition is PD-EU (life+70) and PD-US (published before 1930). Preview is an own FluidSynth render. CC BY: credit the typesetter and the Mutopia piece page, and link the licence. From L'Art de toucher le clavecin. Header copyright is Creative Commons Attribution 2.5. This MIDI is Prélude 3 (include order in preludes.ily).",files/scores/couperin_art_prelude_3.mid,,previews/couperin_art_prelude_3.mp3,yes,grok
couperin_art_prelude_4,François Couperin,1733,Prélude,L'Art de toucher le clavecin,Prélude 4,elegant;free;harpsichord,prélude / moderate,MIDI render 00:00–00:15,An unmeasured-feeling prélude for a graceful open or a pause.,https://www.mutopiaproject.org/cgibin/piece-info.cgi?id=907,MIDI; LilyPond,CC-BY 2.5,,,,,,"Mutopia piece 907: LilyPond header sets the edition licence to CC BY 2.5. Typesetter: Nicolas Sceaux. Composition is PD-EU (life+70) and PD-US (published before 1930). Preview is an own FluidSynth render. CC BY: credit the typesetter and the Mutopia piece page, and link the licence. From L'Art de toucher le clavecin. Header copyright is Creative Commons Attribution 2.5. This MIDI is Prélude 4 (include order in preludes.ily).",files/scores/couperin_art_prelude_4.mid,,previews/couperin_art_prelude_4.mp3,yes,grok
couperin_art_prelude_5,François Couperin,1733,Prélude,L'Art de toucher le clavecin,Prélude 5,elegant;free;harpsichord,prélude / moderate,MIDI render 00:00–00:15,An unmeasured-feeling prélude for a graceful open or a pause.,https://www.mutopiaproject.org/cgibin/piece-info.cgi?id=907,MIDI; LilyPond,CC-BY 2.5,,,,,,"Mutopia piece 907: LilyPond header sets the edition licence to CC BY 2.5. Typesetter: Nicolas Sceaux. Composition is PD-EU (life+70) and PD-US (published before 1930). Preview is an own FluidSynth render. CC BY: credit the typesetter and the Mutopia piece page, and link the licence. From L'Art de toucher le clavecin. Header copyright is Creative Commons Attribution 2.5. This MIDI is Prélude 5 (include order in preludes.ily).",files/scores/couperin_art_prelude_5.mid,,previews/couperin_art_prelude_5.mp3,yes,grok
couperin_art_prelude_6,François Couperin,1733,Prélude,L'Art de toucher le clavecin,Prélude 6,elegant;free;harpsichord,prélude / moderate,MIDI render 00:00–00:15,An unmeasured-feeling prélude for a graceful open or a pause.,https://www.mutopiaproject.org/cgibin/piece-info.cgi?id=907,MIDI; LilyPond,CC-BY 2.5,,,,,,"Mutopia piece 907: LilyPond header sets the edition licence to CC BY 2.5. Typesetter: Nicolas Sceaux. Composition is PD-EU (life+70) and PD-US (published before 1930). Preview is an own FluidSynth render. CC BY: credit the typesetter and the Mutopia piece page, and link the licence. From L'Art de toucher le clavecin. Header copyright is Creative Commons Attribution 2.5. This MIDI is Prélude 6 (include order in preludes.ily).",files/scores/couperin_art_prelude_6.mid,,previews/couperin_art_prelude_6.mp3,yes,grok
couperin_art_prelude_7,François Couperin,1733,Prélude,L'Art de toucher le clavecin,Prélude 7,elegant;free;harpsichord,prélude / moderate,MIDI render 00:00–00:15,An unmeasured-feeling prélude for a graceful open or a pause.,https://www.mutopiaproject.org/cgibin/piece-info.cgi?id=907,MIDI; LilyPond,CC-BY 2.5,,,,,,"Mutopia piece 907: LilyPond header sets the edition licence to CC BY 2.5. Typesetter: Nicolas Sceaux. Composition is PD-EU (life+70) and PD-US (published before 1930). Preview is an own FluidSynth render. CC BY: credit the typesetter and the Mutopia piece page, and link the licence. From L'Art de toucher le clavecin. Header copyright is Creative Commons Attribution 2.5. This MIDI is Prélude 7 (include order in preludes.ily).",files/scores/couperin_art_prelude_7.mid,,previews/couperin_art_prelude_7.mp3,yes,grok
couperin_art_prelude_8,François Couperin,1733,Prélude,L'Art de toucher le clavecin,Prélude 8,elegant;free;harpsichord,prélude / moderate,MIDI render 00:00–00:15,An unmeasured-feeling prélude for a graceful open or a pause.,https://www.mutopiaproject.org/cgibin/piece-info.cgi?id=907,MIDI; LilyPond,CC-BY 2.5,,,,,,"Mutopia piece 907: LilyPond header sets the edition licence to CC BY 2.5. Typesetter: Nicolas Sceaux. Composition is PD-EU (life+70) and PD-US (published before 1930). Preview is an own FluidSynth render. CC BY: credit the typesetter and the Mutopia piece page, and link the licence. From L'Art de toucher le clavecin. Header copyright is Creative Commons Attribution 2.5. This MIDI is Prélude 8 (include order in preludes.ily).",files/scores/couperin_art_prelude_8.mid,,previews/couperin_art_prelude_8.mp3,yes,grok
couperin_aspiratio,François Couperin,1733,Aspiratio mentis ad Deum,"Motet (Philidor, c.1705)",,devotional;calm;intimate,lent / low energy,MIDI render 00:00–00:15 (opening section),A quiet sacred elevation under a reflective close.,https://www.mutopiaproject.org/cgibin/piece-info.cgi?id=962,MIDI; LilyPond,CC-BY 3.0,,,,,,"Mutopia piece 962: LilyPond header sets the edition licence to CC BY 3.0. Typesetter: Nicolas Sceaux. Composition is PD-EU (life+70) and PD-US (published before 1930). Preview is an own FluidSynth render. CC BY: credit the typesetter and the Mutopia piece page, and link the licence. Local MIDI is the first score block (the opening). The companion mids zip has every section Mutopia generated.",files/scores/couperin_aspiratio.mid,,previews/couperin_aspiratio.mp3,yes,grok
couperin_dialogus,François Couperin,1733,Dialogus inter Jesum et hominem,"Motet (Philidor, c.1705)",,devotional;dramatic;intimate,récit / moderate,MIDI render 00:00–00:15 (opening section),A dialogue motet for a serious two-voice scene.,https://www.mutopiaproject.org/cgibin/piece-info.cgi?id=965,MIDI; LilyPond,CC-BY 3.0,,,,,,"Mutopia piece 965: LilyPond header sets the edition licence to CC BY 3.0. Typesetter: Nicolas Sceaux. Composition is PD-EU (life+70) and PD-US (published before 1930). Preview is an own FluidSynth render. CC BY: credit the typesetter and the Mutopia piece page, and link the licence. Local MIDI is the first score block (the opening). The companion mids zip has every section Mutopia generated.",files/scores/couperin_dialogus.mid,,previews/couperin_dialogus.mp3,yes,grok
couperin_precatio,François Couperin,1733,Precatio ad Deum,"Motet (Philidor, c.1705)",,devotional;pleading;solemn,prayer / low energy,MIDI render 00:00–00:15 (opening section),A pleading prayer for a solemn pause.,https://www.mutopiaproject.org/cgibin/piece-info.cgi?id=975,MIDI; LilyPond,CC-BY 3.0,,,,,,"Mutopia piece 975: LilyPond header sets the edition licence to CC BY 3.0. Typesetter: Nicolas Sceaux. Composition is PD-EU (life+70) and PD-US (published before 1930). Preview is an own FluidSynth render. CC BY: credit the typesetter and the Mutopia piece page, and link the licence. Local MIDI is the first score block (the opening). The companion mids zip has every section Mutopia generated.",files/scores/couperin_precatio.mid,,previews/couperin_precatio.mp3,yes,grok
couperin_salve_regina,François Couperin,1733,Salve Regina,"Motet (Philidor, c.1705)",,devotional;lyrical;tender,salve / low energy,MIDI render 00:00–00:15 (opening section),The opening of the Salve Regina under a candlelit frame.,https://www.mutopiaproject.org/cgibin/piece-info.cgi?id=968,MIDI; LilyPond,CC-BY 3.0,,,,,,"Mutopia piece 968: LilyPond header sets the edition licence to CC BY 3.0. Typesetter: Nicolas Sceaux. Composition is PD-EU (life+70) and PD-US (published before 1930). Preview is an own FluidSynth render. CC BY: credit the typesetter and the Mutopia piece page, and link the licence. Local MIDI is the first score block (the opening). The companion mids zip has every section Mutopia generated.",files/scores/couperin_salve_regina.mid,,previews/couperin_salve_regina.mp3,yes,grok
couperin_salvum_me_fac,François Couperin,1733,Salvum me fac Deus,"Motet (Philidor, c.1705)",,urgent;devotional;dark,psalm / moderate,MIDI render 00:00–00:15 (opening section),An urgent psalm setting for a plea or a rescue beat.,https://www.mutopiaproject.org/cgibin/piece-info.cgi?id=969,MIDI; LilyPond,CC-BY 3.0,,,,,,"Mutopia piece 969: LilyPond header sets the edition licence to CC BY 3.0. Typesetter: Nicolas Sceaux. Composition is PD-EU (life+70) and PD-US (published before 1930). Preview is an own FluidSynth render. CC BY: credit the typesetter and the Mutopia piece page, and link the licence. Local MIDI is the first score block (the opening). The companion mids zip has every section Mutopia generated.",files/scores/couperin_salvum_me_fac.mid,,previews/couperin_salvum_me_fac.mp3,yes,grok
couperin_usquequo,François Couperin,1733,Usquequo Domine,"Motet (Philidor, c.1705)",,lamenting;devotional;searching,lament / low energy,MIDI render 00:00–00:15 (opening section),"How long, O Lord: a lament under a waiting shot.",https://www.mutopiaproject.org/cgibin/piece-info.cgi?id=976,MIDI; LilyPond,CC-BY 3.0,,,,,,"Mutopia piece 976: LilyPond header sets the edition licence to CC BY 3.0. Typesetter: Nicolas Sceaux. Composition is PD-EU (life+70) and PD-US (published before 1930). Preview is an own FluidSynth render. CC BY: credit the typesetter and the Mutopia piece page, and link the licence. Local MIDI is the first score block (the opening). The companion mids zip has every section Mutopia generated.",files/scores/couperin_usquequo.mid,,previews/couperin_usquequo.mp3,yes,grok
buxtehude_buxwv155_toccata,Dieterich Buxtehude,1707,Toccata,BuxWV 155,,dramatic;free;organ,toccata / high drive,MIDI render 00:00–00:15 (opening flourish),The opening organ flourish for a grand or gothic reveal.,https://www.mutopiaproject.org/cgibin/piece-info.cgi?id=2075,MIDI; LilyPond,PD,,,,,,"Mutopia legal.html says the contributor dedicated this edition to the public domain (print, sell, change, distribute, record, perform). The LilyPond header copyright/license line is ""Public Domain"". Composition is PD-EU (life+70) and PD-US (published before 1930). Preview is an own FluidSynth render. Mutopia piece 2075. Typesetter: Pierre Masson. Header opus is BuxWV 155, title Toccata.",files/scores/buxtehude_buxwv155_toccata.mid,,previews/buxtehude_buxwv155_toccata.mp3,yes,grok
buxtehude_buxwv185_erhalt_uns,Dieterich Buxtehude,1707,"Erhalt uns, Herr, bei deinem Wort",BuxWV 185,,stern;chorale;clear,chorale / moderate,MIDI render 00:00–00:15,A stern chorale prelude under a serious statement.,https://www.mutopiaproject.org/cgibin/piece-info.cgi?id=1745,MIDI; LilyPond,PD,,,,,,"Mutopia legal.html says the contributor dedicated this edition to the public domain (print, sell, change, distribute, record, perform). The LilyPond header copyright/license line is ""Public Domain"". Composition is PD-EU (life+70) and PD-US (published before 1930). Preview is an own FluidSynth render. Mutopia piece 1745. Header copyright is Public Domain. Organ chorale BuxWV 185.",files/scores/buxtehude_buxwv185_erhalt_uns.mid,,previews/buxtehude_buxwv185_erhalt_uns.mp3,yes,grok
buxtehude_buxwv208_nun_bitten,Dieterich Buxtehude,1707,Nun bitten wir den heiligen Geist,BuxWV 208,,bright;chorale;flowing,chorale / moderate,MIDI render 00:00–00:15,A bright chorale prelude for a hopeful turn.,https://www.mutopiaproject.org/cgibin/piece-info.cgi?id=1683,MIDI; LilyPond,PD,,,,,,"Mutopia legal.html says the contributor dedicated this edition to the public domain (print, sell, change, distribute, record, perform). The LilyPond header copyright/license line is ""Public Domain"". Composition is PD-EU (life+70) and PD-US (published before 1930). Preview is an own FluidSynth render. Mutopia piece 1683. Typesetter: Dieter Leber. This is BuxWV 208, a different setting from BuxWV 209.",files/scores/buxtehude_buxwv208_nun_bitten.mid,,previews/buxtehude_buxwv208_nun_bitten.mp3,yes,grok
buxtehude_buxwv209_nun_bitten,Dieterich Buxtehude,1707,Nun bitten wir den heiligen Geist,BuxWV 209,,gentle;chorale;clear,chorale / moderate,MIDI render 00:00–00:15,"A second, gentler setting of the same chorale for a quieter cut.",https://www.mutopiaproject.org/cgibin/piece-info.cgi?id=1684,MIDI; LilyPond,PD,,,,,,"Mutopia legal.html says the contributor dedicated this edition to the public domain (print, sell, change, distribute, record, perform). The LilyPond header copyright/license line is ""Public Domain"". Composition is PD-EU (life+70) and PD-US (published before 1930). Preview is an own FluidSynth render. Mutopia piece 1684. Typesetter: Dieter Leber. BuxWV 209, not BuxWV 208.",files/scores/buxtehude_buxwv209_nun_bitten.mid,,previews/buxtehude_buxwv209_nun_bitten.mp3,yes,grok
buxtehude_buxwv69_laudate,Dieterich Buxtehude,1707,Ciaccona: Laudate pueri Dominum,BuxWV 69,,festive;ground-bass;bright,ciaccona / high drive,MIDI render 00:00–00:15 (the ground bass),A bright ostinato chaconne for a building celebration.,https://www.mutopiaproject.org/cgibin/piece-info.cgi?id=1714,MIDI; LilyPond,CC-BY-SA 3.0,,,,,,Mutopia piece 1714: LilyPond header sets the edition licence to CC BY-SA 3.0. Typesetter: Martin Straeten. Composition is PD-EU (life+70) and PD-US (published before 1930). Preview is an own FluidSynth render. FLAG share-alike: a render or arrangement of this edition must stay share-alike. The Mutopia .mid link 404'd; this file is BuxWV69_score.mid from the same FTP directory. Header title Ciaconna: Laudate pueri Dominum.,files/scores/buxtehude_buxwv69_laudate.mid,,previews/buxtehude_buxwv69_laudate.mp3,yes,grok
buxtehude_buxwv4_alles,Dieterich Buxtehude,1707,Alles was ihr tut,BuxWV 4,,joyful;choral;bright,cantata / moderate,MIDI render 00:00–00:15 (opening chorus),The opening chorus for a grateful or communal scene.,https://www.mutopiaproject.org/cgibin/piece-info.cgi?id=1713,MIDI; LilyPond,CC-BY-SA 3.0,,,,,,Mutopia piece 1713: LilyPond header sets the edition licence to CC BY-SA 3.0. Typesetter: Martin Straeten. Composition is PD-EU (life+70) and PD-US (published before 1930). Preview is an own FluidSynth render. FLAG share-alike: a render or arrangement of this edition must stay share-alike. Local MIDI is the first score block (opening). The mids zip has all five sections (score.mid and score-1 through score-4).,files/scores/buxtehude_buxwv4_alles.mid,,previews/buxtehude_buxwv4_alles.mp3,yes,grok
buxtehude_buxwv75_ad_pedes,Dieterich Buxtehude,1707,Membra Jesu nostri,BuxWV 75,Ad pedes,devotional;somber;baroque,cantata / low energy,MIDI render 00:00–00:15,"Use Ad pedes, the opening sonata and Ecce super montes, for a solemn sacred scene.",https://www.mutopiaproject.org/cgibin/piece-info.cgi?id=1729,MIDI; LilyPond,CC-BY-SA 3.0,,,,,,"Mutopia piece 1729: LilyPond header sets the edition licence to CC BY-SA 3.0. Typesetter: Martin Straeten. Composition is PD-EU (life+70) and PD-US (published before 1930). Preview is an own FluidSynth render. FLAG share-alike: a render or arrangement of this edition must stay share-alike. This MIDI is Ad pedes only, in include order A–G of the Mutopia score. The LilyPond zip is the whole cycle.",files/scores/buxtehude_buxwv75_ad_pedes.mid,,previews/buxtehude_buxwv75_ad_pedes.mp3,yes,grok
buxtehude_buxwv75_ad_genua,Dieterich Buxtehude,1707,Membra Jesu nostri,BuxWV 75,Ad genua,devotional;somber;baroque,cantata / low energy,MIDI render 00:00–00:15,"Use Ad genua, the second cantata, at the knees, for a solemn sacred scene.",https://www.mutopiaproject.org/cgibin/piece-info.cgi?id=1729,MIDI; LilyPond,CC-BY-SA 3.0,,,,,,"Mutopia piece 1729: LilyPond header sets the edition licence to CC BY-SA 3.0. Typesetter: Martin Straeten. Composition is PD-EU (life+70) and PD-US (published before 1930). Preview is an own FluidSynth render. FLAG share-alike: a render or arrangement of this edition must stay share-alike. This MIDI is Ad genua only, in include order A–G of the Mutopia score. The LilyPond zip is the whole cycle.",files/scores/buxtehude_buxwv75_ad_genua.mid,,previews/buxtehude_buxwv75_ad_genua.mp3,yes,grok
buxtehude_buxwv75_ad_manus,Dieterich Buxtehude,1707,Membra Jesu nostri,BuxWV 75,Ad manus,devotional;somber;baroque,cantata / low energy,MIDI render 00:00–00:15,"Use Ad manus, the third cantata, at the hands, for a solemn sacred scene.",https://www.mutopiaproject.org/cgibin/piece-info.cgi?id=1729,MIDI; LilyPond,CC-BY-SA 3.0,,,,,,"Mutopia piece 1729: LilyPond header sets the edition licence to CC BY-SA 3.0. Typesetter: Martin Straeten. Composition is PD-EU (life+70) and PD-US (published before 1930). Preview is an own FluidSynth render. FLAG share-alike: a render or arrangement of this edition must stay share-alike. This MIDI is Ad manus only, in include order A–G of the Mutopia score. The LilyPond zip is the whole cycle.",files/scores/buxtehude_buxwv75_ad_manus.mid,,previews/buxtehude_buxwv75_ad_manus.mp3,yes,grok
buxtehude_buxwv75_ad_latus,Dieterich Buxtehude,1707,Membra Jesu nostri,BuxWV 75,Ad latus,devotional;somber;baroque,cantata / low energy,MIDI render 00:00–00:15,"Use Ad latus, the fourth cantata, at the side, for a solemn sacred scene.",https://www.mutopiaproject.org/cgibin/piece-info.cgi?id=1729,MIDI; LilyPond,CC-BY-SA 3.0,,,,,,"Mutopia piece 1729: LilyPond header sets the edition licence to CC BY-SA 3.0. Typesetter: Martin Straeten. Composition is PD-EU (life+70) and PD-US (published before 1930). Preview is an own FluidSynth render. FLAG share-alike: a render or arrangement of this edition must stay share-alike. This MIDI is Ad latus only, in include order A–G of the Mutopia score. The LilyPond zip is the whole cycle.",files/scores/buxtehude_buxwv75_ad_latus.mid,,previews/buxtehude_buxwv75_ad_latus.mp3,yes,grok
buxtehude_buxwv75_ad_pectus,Dieterich Buxtehude,1707,Membra Jesu nostri,BuxWV 75,Ad pectus,devotional;somber;baroque,cantata / low energy,MIDI render 00:00–00:15,"Use Ad pectus, the fifth cantata, at the breast, for a solemn sacred scene.",https://www.mutopiaproject.org/cgibin/piece-info.cgi?id=1729,MIDI; LilyPond,CC-BY-SA 3.0,,,,,,"Mutopia piece 1729: LilyPond header sets the edition licence to CC BY-SA 3.0. Typesetter: Martin Straeten. Composition is PD-EU (life+70) and PD-US (published before 1930). Preview is an own FluidSynth render. FLAG share-alike: a render or arrangement of this edition must stay share-alike. This MIDI is Ad pectus only, in include order A–G of the Mutopia score. The LilyPond zip is the whole cycle.",files/scores/buxtehude_buxwv75_ad_pectus.mid,,previews/buxtehude_buxwv75_ad_pectus.mp3,yes,grok
buxtehude_buxwv75_ad_cor,Dieterich Buxtehude,1707,Membra Jesu nostri,BuxWV 75,Ad cor,devotional;somber;baroque,cantata / low energy,MIDI render 00:00–00:15,"Use Ad cor, the sixth cantata, at the heart, for a solemn sacred scene.",https://www.mutopiaproject.org/cgibin/piece-info.cgi?id=1729,MIDI; LilyPond,CC-BY-SA 3.0,,,,,,"Mutopia piece 1729: LilyPond header sets the edition licence to CC BY-SA 3.0. Typesetter: Martin Straeten. Composition is PD-EU (life+70) and PD-US (published before 1930). Preview is an own FluidSynth render. FLAG share-alike: a render or arrangement of this edition must stay share-alike. This MIDI is Ad cor only, in include order A–G of the Mutopia score. The LilyPond zip is the whole cycle.",files/scores/buxtehude_buxwv75_ad_cor.mid,,previews/buxtehude_buxwv75_ad_cor.mp3,yes,grok
buxtehude_buxwv75_ad_faciem,Dieterich Buxtehude,1707,Membra Jesu nostri,BuxWV 75,Ad faciem,devotional;somber;baroque,cantata / low energy,MIDI render 00:00–00:15,"Use Ad faciem, the seventh cantata, at the face, for a solemn sacred scene.",https://www.mutopiaproject.org/cgibin/piece-info.cgi?id=1729,MIDI; LilyPond,CC-BY-SA 3.0,,,,,,"Mutopia piece 1729: LilyPond header sets the edition licence to CC BY-SA 3.0. Typesetter: Martin Straeten. Composition is PD-EU (life+70) and PD-US (published before 1930). Preview is an own FluidSynth render. FLAG share-alike: a render or arrangement of this edition must stay share-alike. This MIDI is Ad faciem only, in include order A–G of the Mutopia score. The LilyPond zip is the whole cycle.",files/scores/buxtehude_buxwv75_ad_faciem.mid,,previews/buxtehude_buxwv75_ad_faciem.mp3,yes,grok
gesualdo_dolcissima,Carlo Gesualdo,1613,Dolcissima mia vita,Madrigali a 5,,chromatic;aching;renaissance,madrigal / moderate,MIDI render 00:00–00:15,"Chromatic madrigal pain under a close, uneasy portrait.",https://www.mutopiaproject.org/cgibin/piece-info.cgi?id=1716,MIDI; LilyPond,CC-BY-SA 3.0,,,,,,Mutopia piece 1716: LilyPond header sets the edition licence to CC BY-SA 3.0. Typesetter: Björn Sothmann. Composition is PD-EU (life+70) and PD-US (published before 1930). Preview is an own FluidSynth render. FLAG share-alike: a render or arrangement of this edition must stay share-alike. Header source is Simone Molinaro's Partitura delli sei libri de' Madrigali a cinque voci. SSATB.,files/scores/gesualdo_dolcissima.mid,,previews/gesualdo_dolcissima.mp3,yes,grok
franck_fwv30_prelude,César Franck,1890,"Prélude, fugue et variation",FWV 30,Prélude,serene;organ;searching,andantino / low energy,MIDI render 00:00–00:15 (the prélude tune),"The organ prélude under a slow, thoughtful walk.",https://www.mutopiaproject.org/cgibin/piece-info.cgi?id=936,MIDI; LilyPond,PD,,,,,,"Mutopia legal.html says the contributor dedicated this edition to the public domain (print, sell, change, distribute, record, perform). The LilyPond header copyright/license line is ""Public Domain"". Composition is PD-EU (life+70) and PD-US (published before 1930). Preview is an own FluidSynth render. Mutopia piece 936. Typesetter: Pierre Pouillon. Header title is ""Prélude de Prélude, fugue et variation"", FWV 30 / Op. 18. This file is the Prélude only, not the fugue or the variation.",files/scores/franck_fwv30_prelude.mid,,previews/franck_fwv30_prelude.mp3,yes,grok
franck_fwv62_ave_maria,César Franck,1890,Ave Maria,FWV 62,,devotional;lyrical;tender,andante / low energy,MIDI render 00:00–00:15,A tender Ave Maria for a quiet sacred or wedding frame.,https://www.mutopiaproject.org/cgibin/piece-info.cgi?id=1694,MIDI; LilyPond,PD,,,,,,"Mutopia legal.html says the contributor dedicated this edition to the public domain (print, sell, change, distribute, record, perform). The LilyPond header copyright/license line is ""Public Domain"". Composition is PD-EU (life+70) and PD-US (published before 1930). Preview is an own FluidSynth render. Mutopia piece 1694. Header: Pour Mezzo-Soprano ou Baryton et Orgue, original in E minor (mi mineur), 1863. Local MIDI is the E-minor version, not the D transposition also in the zip.",files/scores/franck_fwv62_ave_maria.mid,,previews/franck_fwv62_ave_maria.mp3,yes,grok
bruckner_wab129_perger,Anton Bruckner,1896,Perger Präludium,WAB 129,,solemn;organ;brief,moderato / moderate,MIDI render 00:00–00:15,A short solemn organ prelude before a larger statement.,https://www.mutopiaproject.org/cgibin/piece-info.cgi?id=2017,MIDI; LilyPond,CC-BY-SA 4.0,,,,,,"Mutopia piece 2017: LilyPond header sets the edition licence to CC BY-SA 4.0. Typesetter: Sam Bivens. Composition is PD-EU (life+70) and PD-US (published before 1930). Preview is an own FluidSynth render. FLAG share-alike: a render or arrangement of this edition must stay share-alike. Organ prelude in C, WAB 129, not a symphony movement. Header names the Austrian National Library manuscript Mus.Hs.44609/1. No clean editable symphony-movement score was found on Mutopia or on the IMSLP Symphony No. 7 page (Synthesized/MIDI count 0).",files/scores/bruckner_wab129_perger.mid,,previews/bruckner_wab129_perger.mp3,yes,grok
reger_op42_1_i,Max Reger,1916,Sonata No. 1 for unaccompanied violin,Op. 42 No. 1,I,serious;solo;searching,first movement / moderate,MIDI render 00:00–00:15,"The opening of the D-minor-character solo sonata for a focused, solitary scene.",https://www.mutopiaproject.org/cgibin/piece-info.cgi?id=1025,MIDI; LilyPond,PD,,,,,,"Mutopia legal.html says the contributor dedicated this edition to the public domain (print, sell, change, distribute, record, perform). The LilyPond header copyright/license line is ""Public Domain"". Composition is PD-EU (life+70) and PD-US (published before 1930). Preview is an own FluidSynth render. Mutopia piece 1025. Typesetter: Carl M. Bolstad. Header: Vier Sonaten für Violine allein, Sonate I, Op. 42, Heft 1 No. 1. Three MIDI blocks in sonate.ly, in movement order.",files/scores/reger_op42_1_i.mid,,previews/reger_op42_1_i.mp3,yes,grok
reger_op42_1_ii,Max Reger,1916,Sonata No. 1 for unaccompanied violin,Op. 42 No. 1,II,inward;solo;slow,eighth = 72 / low energy,MIDI render 00:00–00:15,The slow second movement under a quiet interior shot.,https://www.mutopiaproject.org/cgibin/piece-info.cgi?id=1025,MIDI; LilyPond,PD,,,,,,"Mutopia legal.html says the contributor dedicated this edition to the public domain (print, sell, change, distribute, record, perform). The LilyPond header copyright/license line is ""Public Domain"". Composition is PD-EU (life+70) and PD-US (published before 1930). Preview is an own FluidSynth render. Mutopia piece 1025. Typesetter: Carl M. Bolstad. Header: Vier Sonaten für Violine allein, Sonate I, Op. 42, Heft 1 No. 1. Three MIDI blocks in sonate.ly, in movement order.",files/scores/reger_op42_1_ii.mid,,previews/reger_op42_1_ii.mp3,yes,grok
reger_op42_1_iii,Max Reger,1916,Sonata No. 1 for unaccompanied violin,Op. 42 No. 1,III,driving;solo;brilliant,quarter = 176 / high drive,MIDI render 00:00–00:15,The fast finale for a burst of solo virtuosity.,https://www.mutopiaproject.org/cgibin/piece-info.cgi?id=1025,MIDI; LilyPond,PD,,,,,,"Mutopia legal.html says the contributor dedicated this edition to the public domain (print, sell, change, distribute, record, perform). The LilyPond header copyright/license line is ""Public Domain"". Composition is PD-EU (life+70) and PD-US (published before 1930). Preview is an own FluidSynth render. Mutopia piece 1025. Typesetter: Carl M. Bolstad. Header: Vier Sonaten für Violine allein, Sonate I, Op. 42, Heft 1 No. 1. Three MIDI blocks in sonate.ly, in movement order.",files/scores/reger_op42_1_iii.mid,,previews/reger_op42_1_iii.mp3,yes,grok
reger_op42_2_i,Max Reger,1916,Sonata No. 2 for unaccompanied violin,Op. 42 No. 2,I. Allegro con grazia,graceful;solo;poised,allegro grazioso / moderate,MIDI render 00:00–00:15,A graceful solo allegro for an elegant walking shot.,https://www.mutopiaproject.org/cgibin/piece-info.cgi?id=1522,MIDI; LilyPond,PD,,,,,,"Mutopia legal.html says the contributor dedicated this edition to the public domain (print, sell, change, distribute, record, perform). The LilyPond header copyright/license line is ""Public Domain"". Composition is PD-EU (life+70) and PD-US (published before 1930). Preview is an own FluidSynth render. Mutopia piece 1522. Typesetter: Carl M. Bolstad. The composer line in sonate2.ly says Op. 42, Heft 1 No. 2, and the title is Sonata 2. The mutopiaopus field in the same file says ""42, Heft 1 No. 1"", which disagrees; this file is Sonata 2. First movement is marked Allegro con grazia.",files/scores/reger_op42_2_i.mid,,previews/reger_op42_2_i.mp3,yes,grok
reger_op42_2_ii,Max Reger,1916,Sonata No. 2 for unaccompanied violin,Op. 42 No. 2,II,inward;solo;swaying,eighth = 108 / moderate,MIDI render 00:00–00:15,"The middle movement for a swaying, thoughtful cut.",https://www.mutopiaproject.org/cgibin/piece-info.cgi?id=1522,MIDI; LilyPond,PD,,,,,,"Mutopia legal.html says the contributor dedicated this edition to the public domain (print, sell, change, distribute, record, perform). The LilyPond header copyright/license line is ""Public Domain"". Composition is PD-EU (life+70) and PD-US (published before 1930). Preview is an own FluidSynth render. Mutopia piece 1522. Typesetter: Carl M. Bolstad. The composer line in sonate2.ly says Op. 42, Heft 1 No. 2, and the title is Sonata 2. The mutopiaopus field in the same file says ""42, Heft 1 No. 1"", which disagrees; this file is Sonata 2. First movement is marked Allegro con grazia.",files/scores/reger_op42_2_ii.mid,,previews/reger_op42_2_ii.mp3,yes,grok
reger_op42_2_iii,Max Reger,1916,Sonata No. 2 for unaccompanied violin,Op. 42 No. 2,III,fleet;solo;bright,eighth = 192 / high drive,MIDI render 00:00–00:15,"The fleet finale for a quick, bright exit.",https://www.mutopiaproject.org/cgibin/piece-info.cgi?id=1522,MIDI; LilyPond,PD,,,,,,"Mutopia legal.html says the contributor dedicated this edition to the public domain (print, sell, change, distribute, record, perform). The LilyPond header copyright/license line is ""Public Domain"". Composition is PD-EU (life+70) and PD-US (published before 1930). Preview is an own FluidSynth render. Mutopia piece 1522. Typesetter: Carl M. Bolstad. The composer line in sonate2.ly says Op. 42, Heft 1 No. 2, and the title is Sonata 2. The mutopiaopus field in the same file says ""42, Heft 1 No. 1"", which disagrees; this file is Sonata 2. First movement is marked Allegro con grazia.",files/scores/reger_op42_2_iii.mid,,previews/reger_op42_2_iii.mp3,yes,grok
reger_op42_3_i,Max Reger,1916,Sonata No. 3 for unaccompanied violin,Op. 42 No. 3,I,grave;solo;dark,eighth = 66 / low energy,MIDI render 00:00–00:15,"A slow solo opening for a heavy, private moment.",https://www.mutopiaproject.org/cgibin/piece-info.cgi?id=1690,MIDI; LilyPond,CC-BY 3.0,,,,,,"Mutopia piece 1690: LilyPond header sets the edition licence to CC BY 3.0. Typesetter: Carl M. Bolstad. Composition is PD-EU (life+70) and PD-US (published before 1930). Preview is an own FluidSynth render. CC BY: credit the typesetter and the Mutopia piece page, and link the licence. Header: Sonata 3, Op. 42, Heft 2 No. 3. Four MIDI blocks in movement order.",files/scores/reger_op42_3_i.mid,,previews/reger_op42_3_i.mp3,yes,grok
reger_op42_3_ii,Max Reger,1916,Sonata No. 3 for unaccompanied violin,Op. 42 No. 3,II,lyrical;solo;inward,quarter = 69 / moderate,MIDI render 00:00–00:15,A lyrical second movement under a close-up.,https://www.mutopiaproject.org/cgibin/piece-info.cgi?id=1690,MIDI; LilyPond,CC-BY 3.0,,,,,,"Mutopia piece 1690: LilyPond header sets the edition licence to CC BY 3.0. Typesetter: Carl M. Bolstad. Composition is PD-EU (life+70) and PD-US (published before 1930). Preview is an own FluidSynth render. CC BY: credit the typesetter and the Mutopia piece page, and link the licence. Header: Sonata 3, Op. 42, Heft 2 No. 3. Four MIDI blocks in movement order.",files/scores/reger_op42_3_ii.mid,,previews/reger_op42_3_ii.mp3,yes,grok
reger_op42_3_iii,Max Reger,1916,Sonata No. 3 for unaccompanied violin,Op. 42 No. 3,III,wild;solo;driving,eighth = 276 / very high,MIDI render 00:00–00:15,A very fast scherzo-like burst.,https://www.mutopiaproject.org/cgibin/piece-info.cgi?id=1690,MIDI; LilyPond,CC-BY 3.0,,,,,,"Mutopia piece 1690: LilyPond header sets the edition licence to CC BY 3.0. Typesetter: Carl M. Bolstad. Composition is PD-EU (life+70) and PD-US (published before 1930). Preview is an own FluidSynth render. CC BY: credit the typesetter and the Mutopia piece page, and link the licence. Header: Sonata 3, Op. 42, Heft 2 No. 3. Four MIDI blocks in movement order.",files/scores/reger_op42_3_iii.mid,,previews/reger_op42_3_iii.mp3,yes,grok
reger_op42_3_iv,Max Reger,1916,Sonata No. 3 for unaccompanied violin,Op. 42 No. 3,IV,resolute;solo;building,quarter = 83 / moderate,MIDI render 00:00–00:15,"The finale, broader, for a resolved ending.",https://www.mutopiaproject.org/cgibin/piece-info.cgi?id=1690,MIDI; LilyPond,CC-BY 3.0,,,,,,"Mutopia piece 1690: LilyPond header sets the edition licence to CC BY 3.0. Typesetter: Carl M. Bolstad. Composition is PD-EU (life+70) and PD-US (published before 1930). Preview is an own FluidSynth render. CC BY: credit the typesetter and the Mutopia piece page, and link the licence. Header: Sonata 3, Op. 42, Heft 2 No. 3. Four MIDI blocks in movement order.",files/scores/reger_op42_3_iv.mid,,previews/reger_op42_3_iv.mp3,yes,grok
reger_op135a_10_grosser_gott,Max Reger,1916,"Großer Gott, wir loben dich",Op. 135a No. 10,,hymnic;organ;grand,chorale / moderate,MIDI render 00:00–00:15,A short organ chorale for a ceremonial amen.,https://www.mutopiaproject.org/cgibin/piece-info.cgi?id=1686,MIDI; LilyPond,PD,,,,,,"Mutopia legal.html says the contributor dedicated this edition to the public domain (print, sell, change, distribute, record, perform). The LilyPond header copyright/license line is ""Public Domain"". Composition is PD-EU (life+70) and PD-US (published before 1930). Preview is an own FluidSynth render. Mutopia piece 1686. Typesetter: Dieter Leber. Organ chorale, Op. 135a No. 10. Reger died in 1916; the collection was published in his lifetime.",files/scores/reger_op135a_10_grosser_gott.mid,,previews/reger_op135a_10_grosser_gott.mp3,yes,grok
reger_op138_3_nachtlied,Max Reger,1916,Nachtlied,Op. 138 No. 3,,nocturnal;choral;hushed,ruhig / low energy,MIDI render 00:00–00:15,A hushed night-song chorus for a closing night shot.,https://www.mutopiaproject.org/cgibin/piece-info.cgi?id=940,MIDI; LilyPond,CC-BY-SA 3.0,,,,,,"Mutopia piece 940: LilyPond header sets the edition licence to CC BY-SA 3.0. Typesetter: Matthias Berndt. Composition is PD-EU (life+70) and PD-US (published before 1930). Preview is an own FluidSynth render. FLAG share-alike: a render or arrangement of this edition must stay share-alike. Header tempo is Ruhig. Five-part a cappella chorus, Op. 138 No. 3.",files/scores/reger_op138_3_nachtlied.mid,,previews/reger_op138_3_nachtlied.mp3,yes,grok
reger_untrene,Max Reger,1916,Untreue (Das zerbrochene Ringlein),arr. 1913,,folkish;wistful;choral,ruhig / moderate,MIDI render 00:00–00:15 (stanza 1),"A simple choral folk song for a human, old-country beat.",https://www.mutopiaproject.org/cgibin/piece-info.cgi?id=621,MIDI; LilyPond,CC-BY 4.0,,,,,,"Mutopia piece 621: LilyPond header sets the edition licence to CC BY 4.0. Typesetter: Klaus Rettinghaus. Composition is PD-EU (life+70) and PD-US (published before 1930). Preview is an own FluidSynth render. CC BY: credit the typesetter and the Mutopia piece page, and link the licence. Header composer is Friedrich Glück (1793–1840), 1814; arranger line is Bearbeitung von Max Reger (1873–1916), 1913. The tune is Glück's In einem kühlen Grunde. Both the song and Reger's arrangement are PD; the edition is CC BY 4.0. The piece is about 30 seconds.",files/scores/reger_untrene.mid,,previews/reger_untrene.mp3,yes,grok
